EALoadLoop.thisRepN,EALoadLoop.thisTrialN,EALoadLoop.thisN,EALoadLoop.thisIndex,EncLoadLoop.thisRepN,EncLoadLoop.thisTrialN,EncLoadLoop.thisN,EncLoadLoop.thisIndex,IALoadLoop.thisRepN,IALoadLoop.thisTrialN,IALoadLoop.thisN,IALoadLoop.thisIndex,RetLoadLoop.thisRepN,RetLoadLoop.thisTrialN,RetLoadLoop.thisN,RetLoadLoop.thisIndex,EAPractice2Trials.thisRepN,EAPractice2Trials.thisTrialN,EAPractice2Trials.thisN,EAPractice2Trials.thisIndex,IAPractice2Trials.thisRepN,IAPractice2Trials.thisTrialN,IAPractice2Trials.thisN,IAPractice2Trials.thisIndex,EncPractice2Trials.thisRepN,EncPractice2Trials.thisTrialN,EncPractice2Trials.thisN,EncPractice2Trials.thisIndex,RetPractice2Trials.thisRepN,RetPractice2Trials.thisTrialN,RetPractice2Trials.thisN,RetPractice2Trials.thisIndex,Blocks.thisRepN,Blocks.thisTrialN,Blocks.thisN,Blocks.thisIndex,EATrials.thisRepN,EATrials.thisTrialN,EATrials.thisN,EATrials.thisIndex,welcomeText.started,welcomeKey.started,welcomeKey.keys,welcomeKey.rt,welcomeText2.started,welcomeKey2.started,welcomeKey2.keys,welcomeKey2.rt,EAPracticeText1.started,EAPracticeText2.started,EAPracticeRespText.started,EAPracticeKey.started,EAPracticeKey.keys,EAPracticeKey.rt,EAPractice2Text.started,EAPractice2Key.started,EAPractice2Key.keys,EAPractice2Key.rt,corr_key,stim_name,magnitude,stim_spec,num_big,EAPractice1Text1.started,EAPractice1Stim.started,EAPractice1Resp.started,EAPractice1Text2.started,EAPractice1Resp.keys,EAPractice1Resp.corr,EAPractice1Resp.rt,EAPostPractice1Text.started,EAPostPractice1Resp.started,EAPostPractice1Resp.keys,EAPostPractice1Resp.rt,FixCross.started,task,EATrialText1.started,EATrialStim.started,EATrialResp.started,EATrialText2.started,EATrialResp.keys,EATrialResp.corr,EATrialResp.rt,FixCross.stopped,EAPracticeEndText.started,EAPracticeEndKey.started,EAPracticeEndKey.keys,EAPracticeEndKey.rt,IAPracticeInstructions1Text1.started,IAPracticeInstructions1Text2.started,IAPracticeInstructions1RespText.started,IAPracticeInstructions1Resp.started,IAPracticeInstructions1Resp.keys,IAPracticeInstructions1Resp.rt,IAPracticeInstructions2Text.started,IAPracticeInstructions2Resp.started,IAPracticeInstructions2Resp.keys,IAPracticeInstructions2Resp.rt,has_neg,IAPractice1Stim.started,IAPractice1Resp.started,IAPractice1Text1.started,IAPractice1Resp.keys,IAPractice1Resp.corr,IAPractice1Resp.rt,IAPractice1Feedback.started,IAPostPractice1Resp.started,IAPostPractice1Resp.keys,IAPostPractice1Resp.rt,IATrialStim.started,IATrialRespText.started,IATrialResp.started,IATrialResp.keys,IATrialResp.corr,IATrialResp.rt,IAPracticeEndText.started,IAPracticeEndResp.started,IAPracticeEndResp.keys,IAPracticeEndResp.rt,EncPracticeInstructionsText1.started,EncPracticeInstructionsText2.started,EncPracticeInstructionsRespText.started,EncPracticeInstructionsResp.started,EncPracticeInstructionsResp.keys,EncPracticeInstructionsResp.rt,EncPracticeInstructions2Text.started,EncPracticeInstructions2Resp.started,EncPracticeInstructions2Resp.keys,EncPracticeInstructions2Resp.rt,EncPractice1Stim.started,EncPractice1Resp.started,EncPractice1RespText.started,EncPractice1Resp.keys,EncPractice1Resp.corr,EncPractice1Resp.rt,EncPractice1Feedback.started,EncPractice1FeedbackResp.started,EncPractice1FeedbackResp.keys,EncPractice1FeedbackResp.rt,EncImage.started,EncTrialRespText.started,EncTrialResp.started,EncTrialRespText.stopped,EncTrialResp.stopped,EncTrialResp.keys,EncTrialResp.corr,EncTrialResp.rt,EncPracticeEndText.started,EncPracticeEndResp.started,EncPracticeEndResp.keys,EncPracticeEndResp.rt,RetPracticeInstructionsText1.started,RetPracticeInstructionsText2.started,RetPracticeInstructionsResp.started,RetPracticeInstructions1Berry.started,RetPracticeInstructions1Question.started,RetPracticeInstructions1Truck.started,RetPracticeInstructions1House.started,RetPracticeInstructionsNumGuide1.started,RetPracticeInstructionsNumGuide2.started,RetPracticeInstructionsNumGuide3.started,RetPracticeInstructionsNumGuide4.started,RetPracticeInstructionsResp.keys,RetPracticeInstructionsResp.rt,RetPracticeInstructions2Text.started,RetPracticeInstructions2Resp.started,RetPracticeInstructions2Resp.keys,RetPracticeInstructions2Resp.rt,enc_stimname,RetPractice1Stim.started,RetPractice1Resp.started,RetPractice1Berry.started,RetPractice1Question.started,RetPractice1Truck.started,RetPractice1House.started,RetPractice1Resp.keys,RetPractice1Resp.corr,RetPractice1Resp.rt,RetPostPractice1Text.started,RetPostPractice1Resp.started,RetPostPractice1Resp.keys,RetPostPractice1Resp.rt,RetTrialStim.started,RetTrialResp.started,RetTrialQuestion.started,RetTrialBerry.started,RetTrialTruck.started,RetTrialHouse.started,RetTrialResp.keys,RetTrialResp.corr,RetTrialResp.rt,RetPracticeEndText.started,RetPracticeEndResp.started,RetPracticeEndResp.keys,RetPracticeEndResp.rt,EATaskInstructionsText1.started,EATaskInstructionsText2.started,EAStart.started,EAInstructionsImage.started,EAStart.keys,EAStart.rt,KeyCheckText.started,KeyCheckResp.started,KeyCheckResp.keys,KeyCheckResp.rt,participant,session,date,expName,psychopyVersion,frameRate,
,,,,,,,,,,,,,,,,,,,,,,,,,,,,,,,,,,,,,,,,10.153428875026293,10.153428875026293,space,1.5881174998357892,,,,,,,,,,,,,,,,,,,,,,,,,,,,,,,,,,,,,,,,,,,,,,,,,,,,,,,,,,,,,,,,,,,,,,,,,,,,,,,,,,,,,,,,,,,,,,,,,,,,,,,,,,,,,,,,,,,,,,,,,,,,,,,,,,,,,,,,,,,,,,,,,,,,,,,,,,,,,,,,,,000,001,2025-03-12_10h39.09.256,RetGoals_V1,2022.2.5,None,
,,,,,,,,,,,,,,,,,,,,,,,,,,,,,,,,,,,,,,,,,,,,11.79006579099223,11.79006579099223,space,1.707540666917339,,,,,,,,,,,,,,,,,,,,,,,,,,,,,,,,,,,,,,,,,,,,,,,,,,,,,,,,,,,,,,,,,,,,,,,,,,,,,,,,,,,,,,,,,,,,,,,,,,,,,,,,,,,,,,,,,,,,,,,,,,,,,,,,,,,,,,,,,,,,,,,,,,,,,,,,,,,,,,000,001,2025-03-12_10h39.09.256,RetGoals_V1,2022.2.5,None,
,,,,,,,,,,,,,,,,,,,,,,,,,,,,,,,,,,,,,,,,,,,,,,,,13.523397915996611,13.523397915996611,13.523397915996611,13.523397915996611,space,28.14514795888681,,,,,,,,,,,,,,,,,,,,,,,,,,,,,,,,,,,,,,,,,,,,,,,,,,,,,,,,,,,,,,,,,,,,,,,,,,,,,,,,,,,,,,,,,,,,,,,,,,,,,,,,,,,,,,,,,,,,,,,,,,,,,,,,,,,,,,,,,,,,,,,,,,,,,,,,000,001,2025-03-12_10h39.09.256,RetGoals_V1,2022.2.5,None,
,,,,,,,,,,,,,,,,,,,,,,,,,,,,,,,,,,,,,,,,,,,,,,,,,,,,,,41.68093862500973,41.68093862500973,space,16.230193374911323,,,,,,,,,,,,,,,,,,,,,,,,,,,,,,,,,,,,,,,,,,,,,,,,,,,,,,,,,,,,,,,,,,,,,,,,,,,,,,,,,,,,,,,,,,,,,,,,,,,,,,,,,,,,,,,,,,,,,,,,,,,,,,,,,,,,,,,,,,,,,,,,,,,,000,001,2025-03-12_10h39.09.256,RetGoals_V1,2022.2.5,None,
,,,,,,,,,,,,,,,,,,,,,,,,,,,,,,,,,,,,,,,,,,,,,,,,,,,,,,,,,,y,ExAttn_Stim.054.jpeg,0,circles,7,57.9861552080838,57.9861552080838,57.9861552080838,59.410973916063085,t,0,3.1873519158689305,,,,,,,,,,,,,,,,,,,,,,,,,,,,,,,,,,,,,,,,,,,,,,,,,,,,,,,,,,,,,,,,,,,,,,,,,,,,,,,,,,,,,,,,,,,,,,,,,,,,,,,,,,,,,,,,,,,,,,,,,,,,,,,,,,,,,,,,000,001,2025-03-12_10h39.09.256,RetGoals_V1,2022.2.5,None,
,,,,,,,,,,,,,,,,,,,,,,,,,,,,,,,,,,,,,,,,,,,,,,,,,,,,,,,,,,,,,,,,,,,,,,61.22464350005612,61.22464350005612,space,11.95183545886539,,,,,,,,,,,,,,,,,,,,,,,,,,,,,,,,,,,,,,,,,,,,,,,,,,,,,,,,,,,,,,,,,,,,,,,,,,,,,,,,,,,,,,,,,,,,,,,,,,,,,,,,,,,,,,,,,,,,,,,,,,,,,,,,,,,,000,001,2025-03-12_10h39.09.256,RetGoals_V1,2022.2.5,None,
,,,,,,,,,,,,,,,,0,0,0,0,,,,,,,,,,,,,,,,,,,,,,,,,,,,,,,,,,,,,,,u,ExAttn_Stim.085.jpeg,1,triangles,7,,,,,,,,,,,,73.20255029108375,External,73.74113325006329,73.74113325006329,73.74113325006329,75.18094200000633,u,1,2.102416665875353,,,,,,,,,,,,,,,,,,,,,,,,,,,,,,,,,,,,,,,,,,,,,,,,,,,,,,,,,,,,,,,,,,,,,,,,,,,,,,,,,,,,,,,,,,,,,,,,,,,,,,,,,,,,,,,,,,,,,,,,,,,000,001,2025-03-12_10h39.09.256,RetGoals_V1,2022.2.5,None,
,,,,,,,,,,,,,,,,1,0,1,0,,,,,,,,,,,,,,,,,,,,,,,,,,,,,,,,,,,,,,,t,ExAttn_Stim.133.jpeg,2,squares,7,,,,,,,,,,,,75.86875133309513,External,76.40560725005344,76.40560725005344,76.40560725005344,77.84464020805899,t,1,1.8137691249139607,,,,,,,,,,,,,,,,,,,,,,,,,,,,,,,,,,,,,,,,,,,,,,,,,,,,,,,,,,,,,,,,,,,,,,,,,,,,,,,,,,,,,,,,,,,,,,,,,,,,,,,,,,,,,,,,,,,,,,,,,,,000,001,2025-03-12_10h39.09.256,RetGoals_V1,2022.2.5,None,
,,,,,,,,,,,,,,,,2,0,2,0,,,,,,,,,,,,,,,,,,,,,,,,,,,,,,,,,,,,,,,u,ExAttn_Stim.146.jpeg,1,squares,7,,,,,,,,,,,,78.2421995830955,External,78.76903970807325,78.76903970807325,78.76903970807325,80.24677008308936,y,0,1.7770600838121027,78.76903970807325,,,,,,,,,,,,,,,,,,,,,,,,,,,,,,,,,,,,,,,,,,,,,,,,,,,,,,,,,,,,,,,,,,,,,,,,,,,,,,,,,,,,,,,,,,,,,,,,,,,,,,,,,,,,,,,,,,,,,,,,,,000,001,2025-03-12_10h39.09.256,RetGoals_V1,2022.2.5,None,
,,,,,,,,,,,,,,,,3,0,3,0,,,,,,,,,,,,,,,,,,,,,,,,,,,,,,,,,,,,,,,y,ExAttn_Stim.165.jpeg,0,squares,5,,,,,,,,,,,,80.56877270806581,External,81.09638579108287,81.09638579108287,81.09638579108287,82.54492270806804,u,0,2.0587546669412404,,,,,,,,,,,,,,,,,,,,,,,,,,,,,,,,,,,,,,,,,,,,,,,,,,,,,,,,,,,,,,,,,,,,,,,,,,,,,,,,,,,,,,,,,,,,,,,,,,,,,,,,,,,,,,,,,,,,,,,,,,,000,001,2025-03-12_10h39.09.256,RetGoals_V1,2022.2.5,None,
,,,,,,,,,,,,,,,,,,,,,,,,,,,,,,,,,,,,,,,,,,,,,,,,,,,,,,,,,,,,,,,,,,,,,,,,,,,,,,,,,,,,83.18483720801305,83.18483720801305,space,2.651057874900289,,,,,,,,,,,,,,,,,,,,,,,,,,,,,,,,,,,,,,,,,,,,,,,,,,,,,,,,,,,,,,,,,,,,,,,,,,,,,,,,,,,,,,,,,,,,,,,,,,,,,,,,,,,,,,,,,,,,,,000,001,2025-03-12_10h39.09.256,RetGoals_V1,2022.2.5,None,
,,,,,,,,,,,,,,,,,,,,,,,,,,,,,,,,,,,,,,,,,,,,,,,,,,,,,,,,,,,,,,,,,,,,,,,,,,,,,,,,,,,,,,,,85.85374408308417,85.85374408308417,85.85374408308417,85.85374408308417,space,29.129461083910428,,,,,,,,,,,,,,,,,,,,,,,,,,,,,,,,,,,,,,,,,,,,,,,,,,,,,,,,,,,,,,,,,,,,,,,,,,,,,,,,,,,,,,,,,,,,,,,,,,,,,,,,,,,,,,,,000,001,2025-03-12_10h39.09.256,RetGoals_V1,2022.2.5,None,
,,,,,,,,,,,,,,,,,,,,,,,,,,,,,,,,,,,,,,,,,,,,,,,,,,,,,,,,,,,,,,,,,,,,,,,,,,,,,,,,,,,,,,,,,,,,,,115.01905783300754,115.01905783300754,space,3.4062772078905255,,,,,,,,,,,,,,,,,,,,,,,,,,,,,,,,,,,,,,,,,,,,,,,,,,,,,,,,,,,,,,,,,,,,,,,,,,,,,,,,,,,,,,,,,,,,,,,,,,,,,,,,,,,,000,001,2025-03-12_10h39.09.256,RetGoals_V1,2022.2.5,None,
,,,,,,,,,,,,,,,,,,,,,,,,,,,,,,,,,,,,,,,,,,,,,,,,,,,,,,,,,,y,InternTask.054.jpeg,0,addadd,,,,,,,,,,,,,,,,,,,,,,,,,,,,,,,,,,,,,0,118.4963082500035,118.4963082500035,119.9363062500488,y,1,4.28167149994988,,,,,,,,,,,,,,,,,,,,,,,,,,,,,,,,,,,,,,,,,,,,,,,,,,,,,,,,,,,,,,,,,,,,,,,,,,,,,,,,,,,,,,,,,,,,,,,,,,,,,000,001,2025-03-12_10h39.09.256,RetGoals_V1,2022.2.5,None,
,,,,,,,,,,,,,,,,,,,,,,,,,,,,,,,,,,,,,,,,,,,,,,,,,,,,,,,,,,,,,,,,,,,,,,,,,,,,,,,,,,,,,,,,,,,,,,,,,,,,,,,,,122.82710333308205,122.82710333308205,space,4.487830999889411,,,,,,,,,,,,,,,,,,,,,,,,,,,,,,,,,,,,,,,,,,,,,,,,,,,,,,,,,,,,,,,,,,,,,,,,,,,,,,,,,,,,,,,,,,,,,,,,,000,001,2025-03-12_10h39.09.256,RetGoals_V1,2022.2.5,None,
,,,,,,,,,,,,,,,,,,,,0,0,0,0,,,,,,,,,,,,,,,,,,,,,,,,,,,,,,,,,,,t,InternTask.085.jpeg,9,addsub,,,,,,,,,,,,,127.35281449998729,Internal,,,,,,,,127.89059491606895,,,,,,,,,,,,,,,0,,,,,,,,,,,127.89059491606895,129.34228483308107,129.34228483308107,t,1,0.4004012498771772,,,,,,,,,,,,,,,,,,,,,,,,,,,,,,,,,,,,,,,,,,,,,,,,,,,,,,,,,,,,,,,,,,,,,,,,,,,,,,,,,,,,,,,,,,,000,001,2025-03-12_10h39.09.256,RetGoals_V1,2022.2.5,None,
,,,,,,,,,,,,,,,,,,,,1,0,1,0,,,,,,,,,,,,,,,,,,,,,,,,,,,,,,,,,,,y,InternTask.133.jpeg,0,addsub,,,,,,,,,,,,,129.7684439580189,Internal,,,,,,,,,,,,,,,,,,,,,,,0,,,,,,,,,,,130.2950693750754,131.74587275006343,131.74587275006343,y,1,0.3581786669092253,,,,,,,,,,,,,,,,,,,,,,,,,,,,,,,,,,,,,,,,,,,,,,,,,,,,,,,,,,,,,,,,,,,,,,,,,,,,,,,,,,,,,,,,,,,000,001,2025-03-12_10h39.09.256,RetGoals_V1,2022.2.5,None,
,,,,,,,,,,,,,,,,,,,,2,0,2,0,,,,,,,,,,,,,,,,,,,,,,,,,,,,,,,,,,,y,InternTask.146.jpeg,0,addsub,,,,,,,,,,,,,132.13534425001126,Internal,,,,,,,,132.66899341600947,,,,,,,,,,,,,,,0,,,,,,,,,,,132.66899341600947,134.13557041599415,134.13557041599415,y,1,0.33235808287281543,,,,,,,,,,,,,,,,,,,,,,,,,,,,,,,,,,,,,,,,,,,,,,,,,,,,,,,,,,,,,,,,,,,,,,,,,,,,,,,,,,,,,,,,,,,000,001,2025-03-12_10h39.09.256,RetGoals_V1,2022.2.5,None,
,,,,,,,,,,,,,,,,,,,,3,0,3,0,,,,,,,,,,,,,,,,,,,,,,,,,,,,,,,,,,,t,InternTask.165.jpeg,1,subadd,,,,,,,,,,,,,134.48255983309355,Internal,,,,,,,,135.0012663330417,,,,,,,,,,,,,,,0,,,,,,,,,,,135.0012663330417,136.47867516602855,136.47867516602855,t,1,0.35272391594480723,,,,,,,,,,,,,,,,,,,,,,,,,,,,,,,,,,,,,,,,,,,,,,,,,,,,,,,,,,,,,,,,,,,,,,,,,,,,,,,,,,,,,,,,,,,000,001,2025-03-12_10h39.09.256,RetGoals_V1,2022.2.5,None,
,,,,,,,,,,,,,,,,,,,,,,,,,,,,,,,,,,,,,,,,,,,,,,,,,,,,,,,,,,,,,,,,,,,,,,,,,,,,,,,,,,,,,,,,,,,,,,,,,,,,,,,,,,,,,,,,,,,136.8524907079991,136.8524907079991,space,0.9456822498468682,,,,,,,,,,,,,,,,,,,,,,,,,,,,,,,,,,,,,,,,,,,,,,,,,,,,,,,,,,,,,,,,,,,,,,,,,,,,,,,,,,,,,,,000,001,2025-03-12_10h39.09.256,RetGoals_V1,2022.2.5,None,
,,,,,,,,,,,,,,,,,,,,,,,,,,,,,,,,,,,,,,,,,,,,,,,,,,,,,,,,,,,,,,,,,,,,,,,,,,,,,,,,,,,,,,,,,,,,,,,,,,,,,,,,,,,,,,,,,,,,,,,137.81866587500554,137.81866587500554,137.81866587500554,137.81866587500554,space,68.25567358394619,,,,,,,,,,,,,,,,,,,,,,,,,,,,,,,,,,,,,,,,,,,,,,,,,,,,,,,,,,,,,,,,,,,,,,,,,,,,,,,,,000,001,2025-03-12_10h39.09.256,RetGoals_V1,2022.2.5,None,
,,,,,,,,,,,,,,,,,,,,,,,,,,,,,,,,,,,,,,,,,,,,,,,,,,,,,,,,,,,,,,,,,,,,,,,,,,,,,,,,,,,,,,,,,,,,,,,,,,,,,,,,,,,,,,,,,,,,,,,,,,,,,206.09990620799363,206.09990620799363,space,1.9199414579197764,,,,,,,,,,,,,,,,,,,,,,,,,,,,,,,,,,,,,,,,,,,,,,,,,,,,,,,,,,,,,,,,,,,,,,,,,,,,,000,001,2025-03-12_10h39.09.256,RetGoals_V1,2022.2.5,None,
,,,,,,,,,,,,,,,,,,,,,,,,,,,,,,,,,,,,,,,,,,,,,,,,,,,,,,,,,,t,Encod_Stim.054.jpeg,,vehicle,,,,,,,,,,,,,,,,,,,,,,,,,,,,,,,,,,,,,,,,,,,,,,,,,,,,,,,,,,,,,,,,,,,,208.1012940830551,209.54419316607527,209.54419316607527,t,1,0.5693099169293419,,,,,,,,,,,,,,,,,,,,,,,,,,,,,,,,,,,,,,,,,,,,,,,,,,,,,,,,,,,,,,,,,,,,,,,000,001,2025-03-12_10h39.09.256,RetGoals_V1,2022.2.5,None,
,,,,,,,,,,,,,,,,,,,,,,,,,,,,,,,,,,,,,,,,,,,,,,,,,,,,,,,,,,,,,,,,,,,,,,,,,,,,,,,,,,,,,,,,,,,,,,,,,,,,,,,,,,,,,,,,,,,,,,,,,,,,,,,,,,,,,,,210.1849378750194,210.1849378750194,space,18.872744041960686,,,,,,,,,,,,,,,,,,,,,,,,,,,,,,,,,,,,,,,,,,,,,,,,,,,,,,,,,,,,,,,,,,,000,001,2025-03-12_10h39.09.256,RetGoals_V1,2022.2.5,None,
,,,,,,,,,,,,,,,,,,,,,,,,0,0,0,0,,,,,,,,,,,,,,,,,,,,,,,,,,,,,,,t,Encod_Stim.085.jpeg,,building,,,,,,,,,,,,,229.08374475000892,Encoding,,,,,,,,229.61261991609354,,,,,,,,,,,,,,,,,,,,,,,,,,,,,,,,,,,,,,,,,,,,,,,,,,,,,,,,229.61261991609354,231.08007195801474,231.08007195801474,232.57663758308627,232.57663758308627,t,1,0.36390841694083065,,,,,,,,,,,,,,,,,,,,,,,,,,,,,,,,,,,,,,,,,,,,,,,,,,,,,,,,,,,000,001,2025-03-12_10h39.09.256,RetGoals_V1,2022.2.5,None,
,,,,,,,,,,,,,,,,,,,,,,,,1,0,1,0,,,,,,,,,,,,,,,,,,,,,,,,,,,,,,,u,Encod_Stim.133.jpeg,,fruit,,,,,,,,,,,,,232.58458329108544,Encoding,,,,,,,,233.1268118750304,,,,,,,,,,,,,,,,,,,,,,,,,,,,,,,,,,,,,,,,,,,,,,,,,,,,,,,,233.1268118750304,234.5785087500699,234.5785087500699,236.07516962499358,236.07516962499358,u,1,0.39700520783662796,,,,,,,,,,,,,,,,,,,,,,,,,,,,,,,,,,,,,,,,,,,,,,,,,,,,,,,,,,,000,001,2025-03-12_10h39.09.256,RetGoals_V1,2022.2.5,None,
,,,,,,,,,,,,,,,,,,,,,,,,2,0,2,0,,,,,,,,,,,,,,,,,,,,,,,,,,,,,,,u,Encod_Stim.146.jpeg,,vehicle,,,,,,,,,,,,,236.08350425004028,Encoding,,,,,,,,236.60206725005992,,,,,,,,,,,,,,,,,,,,,,,,,,,,,,,,,,,,,,,,,,,,,,,,,,,,,,,,236.60206725005992,238.06868762499653,238.06868762499653,239.575018750038,239.575018750038,u,1,0.4059334169141948,,,,,,,,,,,,,,,,,,,,,,,,,,,,,,,,,,,,,,,,,,,,,,,,,,,,,,,,,,,000,001,2025-03-12_10h39.09.256,RetGoals_V1,2022.2.5,None,
,,,,,,,,,,,,,,,,,,,,,,,,3,0,3,0,,,,,,,,,,,,,,,,,,,,,,,,,,,,,,,u,Encod_Stim.165.jpeg,,vehicle,,,,,,,,,,,,,239.58315300010145,Encoding,,,,,,,,240.12199408304878,,,,,,,,,,,,,,,,,,,,,,,,,,,,,,,,,,,,,,,,,,,,,,,,,,,,,,,,240.12199408304878,241.57829875010066,241.57829875010066,243.07517204107717,243.07517204107717,u,1,0.39623270789161325,,,,,,,,,,,,,,,,,,,,,,,,,,,,,,,,,,,,,,,,,,,,,,,,,,,,,,,,,,,000,001,2025-03-12_10h39.09.256,RetGoals_V1,2022.2.5,None,
,,,,,,,,,,,,,,,,,,,,,,,,,,,,,,,,,,,,,,,,,,,,,,,,,,,,,,,,,,,,,,,,,,,,,,,,,,,,,,,,,,,,,,,,,,,,,,,,,,,,,,,,,,,,,,,,,,,,,,,,,,,,,,,,,,,,,,,,,,,,,,,,,,,243.08346379105933,243.08346379105933,space,1.1949148329440504,,,,,,,,,,,,,,,,,,,,,,,,,,,,,,,,,,,,,,,,,,,,,,,,,,,,,,,000,001,2025-03-12_10h39.09.256,RetGoals_V1,2022.2.5,None,
,,,,,,,,,,,,,,,,,,,,,,,,,,,,,,,,,,,,,,,,,,,,,,,,,,,,,,,,,,,,,,,,,,,,,,,,,,,,,,,,,,,,,,,,,,,,,,,,,,,,,,,,,,,,,,,,,,,,,,,,,,,,,,,,,,,,,,,,,,,,,,,,,,,,,,,244.30508354108315,244.30508354108315,244.30508354108315,244.30508354108315,244.30508354108315,244.30508354108315,244.30508354108315,244.30508354108315,244.30508354108315,244.30508354108315,244.30508354108315,space,15.2075771659147,,,,,,,,,,,,,,,,,,,,,,,,,,,,,,,,,,,,,,,,,,000,001,2025-03-12_10h39.09.256,RetGoals_V1,2022.2.5,None,
,,,,,,,,,,,,,,,,,,,,,,,,,,,,,,,,,,,,,,,,,,,,,,,,,,,,,,,,,,,,,,,,,,,,,,,,,,,,,,,,,,,,,,,,,,,,,,,,,,,,,,,,,,,,,,,,,,,,,,,,,,,,,,,,,,,,,,,,,,,,,,,,,,,,,,,,,,,,,,,,,,,,259.53500908298884,259.53500908298884,space,1.045865541906096,,,,,,,,,,,,,,,,,,,,,,,,,,,,,,,,,,,,,,000,001,2025-03-12_10h39.09.256,RetGoals_V1,2022.2.5,None,
,,,,,,,,,,,,,,,,,,,,,,,,,,,,,,,,,,,,,,,,,,,,,,,,,,,,,,,,,,y,1_54.jpg,,vehicle,,,,,,,,,,,,,,,,,,,,,,,,,,,,,,,,,,,,,,,,,,,,,,,,,,,,,,,,,,,,,,,,,,,,,,,,,,,,,,,,,,,,,,,,,,,,,,,,,,,,,,,,,,,Encod_Stim.054.jpeg,260.6336690830067,260.6336690830067,262.08359512500465,262.08359512500465,262.08359512500465,262.08359512500465,u,0,3.4023197499336675,,,,,,,,,,,,,,,,,,,,,,,,,,,,000,001,2025-03-12_10h39.09.256,RetGoals_V1,2022.2.5,None,
,,,,,,,,,,,,,,,,,,,,,,,,,,,,,,,,,,,,,,,,,,,,,,,,,,,,,,,,,,,,,,,,,,,,,,,,,,,,,,,,,,,,,,,,,,,,,,,,,,,,,,,,,,,,,,,,,,,,,,,,,,,,,,,,,,,,,,,,,,,,,,,,,,,,,,,,,,,,,,,,,,,,,,,,,,,,,,,,,,264.0805299580097,264.0805299580097,1,20.86679445800837,,,,,,,,,,,,,,,,,,,,,,,,000,001,2025-03-12_10h39.09.256,RetGoals_V1,2022.2.5,None,
,,,,,,,,,,,,,,,,,,,,,,,,,,,,0,0,0,0,,,,,,,,,,,,,,,,,,,,,,,,,,,u,1_85.jpg,,building,,,,,,,,,,,,,284.9670704579912,Retrieval,,,,,,,,285.494960708078,,,,,,,,,,,,,,,,,,,,,,,,,,,,,,,,,,,,,,,,,,,,,,,,,,,,,,,,,,,,,,,,,,,,,,,,,,,,,,,,,,,,,Encod_Stim.085.jpeg,,,,,,,,,,,,,,285.494960708078,286.951570208068,286.951570208068,286.951570208068,286.951570208068,286.951570208068,t,0,1.383323207963258,,,,,,,,,,,,,,,000,001,2025-03-12_10h39.09.256,RetGoals_V1,2022.2.5,None,
,,,,,,,,,,,,,,,,,,,,,,,,,,,,1,0,1,0,,,,,,,,,,,,,,,,,,,,,,,,,,,y,1_165.jpg,,vehicle,,,,,,,,,,,,,288.3482205000473,Retrieval,,,,,,,,288.87905237509403,,,,,,,,,,,,,,,,,,,,,,,,,,,,,,,,,,,,,,,,,,,,,,,,,,,,,,,,,,,,,,,,,,,,,,,,,,,,,,,,,,,,,Encod_Stim.165.jpeg,,,,,,,,,,,,,,288.87905237509403,290.34542445803527,290.34542445803527,290.34542445803527,290.34542445803527,290.34542445803527,y,1,0.49770666589029133,,,,,,,,,,,,,,,000,001,2025-03-12_10h39.09.256,RetGoals_V1,2022.2.5,None,
,,,,,,,,,,,,,,,,,,,,,,,,,,,,2,0,2,0,,,,,,,,,,,,,,,,,,,,,,,,,,,t,1_133.jpg,,fruit,,,,,,,,,,,,,290.8684153750073,Retrieval,,,,,,,,,,,,,,,,,,,,,,,,,,,,,,,,,,,,,,,,,,,,,,,,,,,,,,,,,,,,,,,,,,,,,,,,,,,,,,,,,,,,,,,,,,,,,Encod_Stim.133.jpeg,,,,,,,,,,,,,,291.3884848750895,292.84297629108187,292.84297629108187,292.84297629108187,292.84297629108187,292.84297629108187,t,1,1.037270916858688,,,,,,,,,,,,,,,000,001,2025-03-12_10h39.09.256,RetGoals_V1,2022.2.5,None,
,,,,,,,,,,,,,,,,,,,,,,,,,,,,3,0,3,0,,,,,,,,,,,,,,,,,,,,,,,,,,,y,1_146.jpg,,vehicle,,,,,,,,,,,,,293.9188930410892,Retrieval,,,,,,,,294.44236308301333,,,,,,,,,,,,,,,,,,,,,,,,,,,,,,,,,,,,,,,,,,,,,,,,,,,,,,,,,,,,,,,,,,,,,,,,,,,,,,,,,,,,,Encod_Stim.146.jpeg,,,,,,,,,,,,,,294.44236308301333,295.91251020808704,295.91251020808704,295.91251020808704,295.91251020808704,295.91251020808704,y,1,0.36516479088459164,,,,,,,,,,,,,,,000,001,2025-03-12_10h39.09.256,RetGoals_V1,2022.2.5,None,
,,,,,,,,,,,,,,,,,,,,,,,,,,,,,,,,,,,,,,,,,,,,,,,,,,,,,,,,,,,,,,,,,,,,,,,,,,,,,,,,,,,,,,,,,,,,,,,,,,,,,,,,,,,,,,,,,,,,,,,,,,,,,,,,,,,,,,,,,,,,,,,,,,,,,,,,,,,,,,,,,,,,,,,,,,,,,,,,,,,,,,,,,,,,,,,296.30193375004455,296.30193375004455,space,4.373339083977044,,,,,,,,,,,000,001,2025-03-12_10h39.09.256,RetGoals_V1,2022.2.5,None,
,,,,,,,,,,,,,,,,,,,,,,,,,,,,,,,,,,,,,,,,,,,,,,,,,,,,,,,,,,u,ExAttn_Stim.021.jpeg,1,circles,6,,,,,,,,,,,,317.73429212509654,External,318.2567324580159,318.2567324580159,318.2567324580159,319.7094275410054,,,,,,,,,,,,,,,,,,,,,,,,,,,,,,,,,,,,,,,,,,,,,,,,,,,,,,,,,,,,,,,,,,,,,,,,,,,,,,,,,,,,,,,,,,,,,,,,,,,,,,,,,,,,,,,,,,,,300.7331628750544,300.7331628750544,300.7331628750544,300.7331628750544,space,13.543552958988585,314.30551166599616,314.30551166599616,space,3.40236245887354,,,,,,,
